Rank,Players,Nation,Confederation,Caps,Debut,Latest
1,Cristiano Ronaldo,Portugal,UEFA,226.0,20 August 2003,13 November 2025
2,Bader Al-Mutawa,Kuwait,AFC,202.0,4 September 2003,14 June 2022
3,Lionel Messi,Argentina,CONMEBOL,196.0,17 August 2005,14 November 2025
4,Soh Chin Ann[a],Malaysia,AFC,195.0,19 November 1969,18 October 1984
5,Luka Modrić,Croatia,UEFA,193.0,1 March 2006,14 November 2025
6,Ahmed Hassan,Egypt,CAF,184.0,29 December 1995,22 May 2012
6,Hassan Al-Haydos,Qatar,AFC,184.0,9 August 2008,7 September 2025
8,Ahmed Mubarak,Oman,AFC,183.0,25 September 2003,2 December 2019
9,Andrés Guardado[b],Mexico,CONCACAF,180.0,14 December 2005,15 October 2024
9,Sergio Ramos,Spain,UEFA,180.0,26 March 2005,31 March 2021
11,Claudio Suárez[c],Mexico,CONCACAF,178.0,26 July 1992,1 June 2006
12,Hossam Hassan,Egypt,CAF,177.0,10 September 1985,7 February 2006
13,Gianluigi Buffon,Italy,UEFA,176.0,29 October 1997,23 March 2018
14,Maynor Figueroa[d],Honduras,CONCACAF,175.0,31 January 2003,2 February 2022
15,Mohamed Al-Deayea,Saudi Arabia,AFC,173.0,9 April 1993,11 May 2006
16,Amer Shafi,Jordan,AFC,171.0,17 August 2002,1 February 2021
17,Iván Hurtado,Ecuador,CONMEBOL,168.0,24 May 1992,14 October 2014
17,Alexis Sánchez,Chile,CONMEBOL,168.0,27 April 2006,10 June 2025
19,Iker Casillas,Spain,UEFA,167.0,3 June 2000,1 June 2016
20,Vitālijs Astafjevs[e],Latvia,UEFA,166.0,26 August 1992,17 November 2010
21,Cobi Jones,United States,CONCACAF,164.0,3 September 1992,9 October 2004
22,Sayed Mohammed Jaffer,Bahrain,AFC,163.0,5 July 2004,28 December 2024
22,Mohammed Al-Khilaiwi,Saudi Arabia,AFC,163.0,20 October 1992,5 October 2001
22,Shukor Salleh[f],Malaysia,AFC,163.0,15 November 1970,12 September 1981
25,Diego Godín,Uruguay,CONMEBOL,161.0,26 October 2005,28 November 2022
25,Mohamed Husain,Bahrain,AFC,161.0,6 March 1997,15 January 2015
25,Salman Isa,Bahrain,AFC,161.0,20 March 2000,29 November 2012
25,Robert Lewandowski,Poland,UEFA,161.0,10 September 2008,12 October 2025
25,Gary Medel,Chile,CONMEBOL,161.0,18 April 2007,16 November 2023
25,Adnan Al-Talyani,United Arab Emirates,AFC,161.0,10 March 1984,17 December 1997
31,Celso Borges [g],Costa Rica,CONCACAF,160.0,21 June 2008,13 November 2025
32,Essam El-Hadary,Egypt,CAF,159.0,25 March 1996,25 June 2018
32,Konstantin Vassiljev,Estonia,UEFA,159.0,31 May 2006,9 September 2025
34,Sunil Chhetri,India,AFC,157.0,12 June 2005,14 October 2025
34,Jan Vertonghen,Belgium,UEFA,157.0,2 June 2007,1 July 2024
36,Sami Al-Jaber,Saudi Arabia,AFC,156.0,11 September 1992,23 June 2006
36,Martin Reim[h],Estonia,UEFA,156.0,3 June 1992,6 June 2009
38,Landon Donovan[i],United States,CONCACAF,155.0,25 October 2000,10 October 2014
39,Yasuhito Endō,Japan,AFC,152.0,20 November 2002,23 January 2015
40,Fawzi Bashir,Oman,AFC,151.0,18 February 2001,11 January 2013
40,Guillermo Ochoa[j],Mexico,CONCACAF,151.0,14 December 2005,15 November 2024
42,Michael Bradley[k],United States,CONCACAF,150.0,26 May 2006,15 October 2019
42,Claudio Bravo,Chile,CONMEBOL,150.0,11 July 2004,25 June 2024
42,Lothar Matthäus,West Germany  Germany,UEFA,150.0,14 June 1980,20 June 2000
45,Aníbal Godoy[l],Panama,CONCACAF,149.0,3 March 2010,13 November 2025
45,Javad Nekounam,Iran,AFC,149.0,12 January 2000,31 March 2015
47,Paulo da Silva,Paraguay,CONMEBOL,148.0,25 April 2000,10 October 2017
47,Ali Daei,Iran,AFC,148.0,6 June 1993,21 June 2006
47,Younis Mahmoud,Iraq,AFC,148.0,19 July 2002,29 March 2016
47,Rafael Márquez,Mexico,CONCACAF,148.0,5 February 1997,2 July 2018
47,Ivan Perišić,Croatia,UEFA,148.0,26 March 2011,12 October 2025
47,Mohamed Salmeen,Bahrain,AFC,148.0,18 September 1998,19 November 2013
53,Daniel Bennett,Singapore,AFC,147.0,11 December 2002,14 November 2017
53,Javier Mascherano,Argentina,CONMEBOL,147.0,16 July 2003,30 June 2018
53,Pável Pardo[m],Mexico,CONCACAF,147.0,31 August 1996,6 June 2009
53,Arturo Vidal,Chile,CONMEBOL,147.0,7 February 2007,5 June 2025
57,Christian Eriksen,Denmark,UEFA,146.0,3 March 2010,12 October 2025
57,Robbie Keane,Republic of Ireland,UEFA,146.0,25 March 1998,31 August 2016
57,João Moutinho,Portugal,UEFA,146.0,17 August 2005,9 June 2022
60,Ángel Di María,Argentina,CONMEBOL,145.0,6 September 2008,14 July 2024
60,Hariss Harun,Singapore,AFC,145.0,24 June 2007,13 November 2025
60,Shahril Ishak,Singapore,AFC,145.0,4 March 2003,13 November 2018
60,Hugo Lloris,France,UEFA,145.0,19 November 2008,18 December 2022
60,Bryan Ruiz[n],Costa Rica,CONCACAF,145.0,19 June 2005,23 November 2022
60,Javier Zanetti,Argentina,CONMEBOL,145.0,16 November 1994,16 July 2011
66,Edin Džeko,Bosnia and Herzegovina,UEFA,144.0,2 June 2007,9 October 2025
66,Gabriel Gómez[o],Panama,CONCACAF,144.0,9 February 2003,28 June 2018
66,Mauricio Isla,Chile,CONMEBOL,144.0,7 September 2007,10 September 2024
66,Baihakki Khaizan,Singapore,AFC,144.0,4 August 2003,11 June 2021
66,Yuto Nagatomo,Japan,AFC,144.0,24 May 2008,9 September 2025
66,Gerardo Torrado[p],Mexico,CONCACAF,144.0,9 June 1999,6 September 2013
66,Anatoliy Tymoshchuk,Ukraine,UEFA,144.0,26 April 2000,21 June 2016
73,Baha' Abdel-Rahman,Jordan,AFC,143.0,7 September 2007,14 June 2022
73,Sergio Busquets,Spain,UEFA,143.0,1 April 2009,6 December 2022
73,Joel Campbell[q],Costa Rica,CONCACAF,143.0,5 June 2011,13 November 2025
73,Thomas Ravelli,Sweden,UEFA,143.0,1 March 1981,11 October 1997
73,Tomás Rincón,Venezuela,CONMEBOL,143.0,3 February 2008,4 September 2025
73,Luis Suárez,Uruguay,CONMEBOL,143.0,7 February 2007,6 September 2024
73,Anders Svensson[r],Sweden,UEFA,143.0,27 November 1999,19 November 2013
80,Cafu,Brazil,CONMEBOL,142.0,12 September 1990,1 July 2006
80,Amer Deeb,Jordan,AFC,142.0,13 February 2002,13 October 2014
80,Ehsan Hajsafi,Iran,AFC,142.0,25 May 2008,7 February 2024
80,Marko Kristal[h],Estonia,UEFA,142.0,3 June 1992,20 April 2005
80,Michael Mifsud,Malta,UEFA,142.0,10 February 2000,11 November 2020
80,Lilian Thuram,France,UEFA,142.0,17 August 1994,13 June 2008
86,Pepe,Portugal,UEFA,141.0,21 November 2007,5 July 2024
86,Granit Xhaka,Switzerland,UEFA,141.0,4 June 2011,13 October 2025
86,Abdullah Zubromawi[s],Saudi Arabia,AFC,141.0,18 April 1993,11 June 2002
89,Steven Davis,Northern Ireland,UEFA,140.0,9 February 2005,27 September 2022
89,Clint Dempsey[k],United States,CONCACAF,140.0,17 November 2004,10 October 2017
91,Giorgos Karagounis,Greece,UEFA,139.0,20 August 1999,29 June 2014
91,Son Heung-min,South Korea,AFC,139.0,30 December 2010,14 November 2025
93,Hussein Abdulghani,Saudi Arabia,AFC,138.0,22 September 1996,20 November 2018
93,Ismail Abdullatif,Bahrain,AFC,138.0,27 October 2005,25 March 2025
93,Mokhtar Dahari[t],Malaysia,AFC,138.0,5 June 1972,19 May 1985
93,Ali Al-Habsi,Oman,AFC,138.0,20 February 2001,18 November 2019
93,Marek Hamšík,Slovakia,UEFA,138.0,7 February 2007,20 June 2023
93,Osama Hawsawi,Saudi Arabia,AFC,138.0,11 October 2006,25 June 2018
99,Hatem Aqel,Jordan,AFC,137.0,26 September 1998,7 January 2014
99,Olivier Giroud,France,UEFA,137.0,11 November 2011,9 July 2024
99,Antoine Griezmann,France,UEFA,137.0,5 March 2014,9 September 2024
99,Amado Guevara[m],Honduras,CONCACAF,137.0,5 May 1994,21 June 2010
99,Miroslav Klose,Germany,UEFA,137.0,24 March 2001,13 July 2014
99,Ildefons Lima,Andorra,UEFA,137.0,22 June 1997,12 September 2023
99,Jari Litmanen,Finland,UEFA,137.0,22 October 1989,17 November 2010
99,Rigobert Song,Cameroon,CAF,137.0,22 September 1993,24 June 2010
107,Waleed Ali,Kuwait,AFC,136.0,9 May 2002,20 January 2014
107,Khairul Amri,Singapore,AFC,136.0,9 June 2004,11 June 2019
107,Fabio Cannavaro,Italy,UEFA,136.0,22 January 1997,24 June 2010
107,Edinson Cavani,Uruguay,CONMEBOL,136.0,6 February 2008,2 December 2022
107,Abdelkarim Hassan,Qatar,AFC,136.0,18 November 2010,20 March 2025
107,Hong Myung-bo,South Korea,AFC,136.0,4 February 1990,20 November 2002
107,Ismail Matar,United Arab Emirates,AFC,136.0,27 September 2003,6 December 2021
114,Walter Centeno[u],Costa Rica,CONCACAF,135.0,27 September 1995,18 November 2009
114,Ahmed Fathy,Egypt,CAF,135.0,16 December 2002,16 November 2021
114,Peter Pekarík,Slovakia,UEFA,135.0,10 December 2006,10 June 2025
117,Bashar Abdullah,Kuwait,AFC,134.0,16 March 1996,25 May 2018
117,Jeff Agoos,United States,CONCACAF,134.0,10 January 1988,26 May 2003
117,Shay Given,Republic of Ireland,UEFA,134.0,27 March 1996,31 May 2016
117,Taisir Al-Jassim,Saudi Arabia,AFC,134.0,17 November 2004,20 June 2018
117,Dorinel Munteanu,Romania,UEFA,134.0,23 May 1991,12 September 2007
117,Andres Oper,Estonia,UEFA,134.0,19 May 1995,26 May 2014
117,Jaime Penedo[v],Panama,CONCACAF,134.0,29 June 2003,28 June 2018
117,Alberto Quintero [w],Panama,CONCACAF,134.0,22 August 2007,13 November 2025
117,Wesley Sneijder,Netherlands,UEFA,134.0,30 April 2003,6 September 2018
117,Darijo Srna,Croatia,UEFA,134.0,20 November 2002,25 June 2016
117,Noel Valladares[x],Honduras,CONCACAF,134.0,3 June 2000,10 February 2016
128,Andreas Isaksson,Sweden,UEFA,133.0,3 March 2002,22 June 2016
128,Saud Kariri,Saudi Arabia,AFC,133.0,23 July 2001,18 January 2015
128,Sebastian Larsson,Sweden,UEFA,133.0,6 February 2008,29 June 2021
128,Fernando Muslera,Uruguay,CONMEBOL,133.0,10 October 2009,11 June 2022
128,Ricardo Rodriguez,Switzerland,UEFA,133.0,7 October 2011,13 October 2025
128,Carlos Ruiz,Guatemala,CONCACAF,133.0,18 November 1998,6 September 2016
128,Axel Witsel,Belgium,UEFA,133.0,26 March 2008,13 October 2025
128,Xavi,Spain,UEFA,133.0,15 November 2000,13 June 2014
136,Sayed Dhiya Saeed,Bahrain,AFC,132.0,14 February 2011,9 October 2025
136,Sargis Hovsepyan[y],Armenia,UEFA,132.0,14 October 1992,14 November 2012
136,Peter Jehle,Liechtenstein,UEFA,132.0,14 October 1998,25 March 2018
136,Simon Kjær,Denmark,UEFA,132.0,6 June 2009,8 June 2024
136,Lee Woon-jae,South Korea,AFC,132.0,11 June 1994,11 August 2010
136,Héctor Moreno,Mexico,CONCACAF,132.0,17 October 2007,26 March 2023
142,Ibrahim Hassan,Egypt,CAF,131.0,3 February 1988,6 January 2002
142,Abdulaziz Hatem,Qatar,AFC,131.0,30 December 2009,8 October 2025
142,Andrés Iniesta,Spain,UEFA,131.0,27 May 2006,1 July 2018
142,Kim Källström,Sweden,UEFA,131.0,1 February 2001,22 June 2016
142,Thomas Müller,Germany,UEFA,131.0,3 March 2010,5 July 2024
142,Teemu Pukki,Finland,UEFA,131.0,4 February 2009,4 September 2025
142,Arumugan Rengasamy[z],Malaysia,AFC,131.0,17 May 1973,23 September 1986
142,Kiatisuk Senamuang[aa],Thailand,AFC,131.0,8 April 1993,3 October 2007
150,Luis Advíncula,Peru,CONMEBOL,130.0,4 September 2010,9 September 2025
150,Akram Afif,Qatar,AFC,130.0,3 September 2015,14 October 2025
150,Cha Bum-kun[ab],South Korea,AFC,130.0,7 May 1972,10 June 1986
150,Boniek García[ac],Honduras,CONCACAF,130.0,1 July 2005,7 October 2021
150,Lukas Podolski,Germany,UEFA,130.0,6 June 2004,22 March 2017
150,Edwin van der Sar,Netherlands,UEFA,130.0,7 June 1995,15 October 2008
150,Yoshimar Yotún,Peru,CONMEBOL,130.0,8 February 2011,9 September 2025
157,Safuwan Baharudin,Singapore,AFC,129.0,17 January 2010,13 November 2025
157,Jorge Campos[c],Mexico,CONCACAF,129.0,20 November 1991,19 November 2003
157,Ragnar Klavan[h],Estonia,UEFA,129.0,3 July 2003,21 March 2024
157,David Ospina,Colombia,CONMEBOL,129.0,7 February 2007,11 October 2025
157,Nicolás Otamendi,Argentina,CONMEBOL,129.0,20 May 2009,14 October 2025
157,Márcio Vieira,Andorra,UEFA,129.0,12 October 2005,11 June 2024
163,Juan Arango[ad],Venezuela,CONMEBOL,128.0,27 January 1999,8 September 2015
163,Marko Arnautović,Austria,UEFA,128.0,11 October 2008,9 October 2025
163,Teerasil Dangda,Thailand,AFC,128.0,7 July 2007,11 June 2024
163,Paolo Guerrero,Peru,CONMEBOL,128.0,9 October 2004,10 June 2025
163,Hassan Mudhafar,Oman,AFC,128.0,16 September 2003,30 March 2015
163,Neymar,Brazil,CONMEBOL,128.0,10 August 2010,17 October 2023
163,Roberto Palacios,Peru,CONMEBOL,128.0,24 November 1992,23 May 2012
170,Toby Alderweireld,Belgium,UEFA,127.0,29 May 2009,1 December 2022
170,Marcelo Balboa,United States,CONCACAF,127.0,10 January 1988,16 January 2000
170,Karim Boudiaf,Qatar,AFC,127.0,21 December 2013,14 October 2025
170,Server Djeparov[ae],Uzbekistan,AFC,127.0,14 May 2002,5 September 2017
170,Luís Figo,Portugal,UEFA,127.0,12 October 1991,8 July 2006
170,Amad Al-Hosni,Oman,AFC,127.0,17 December 2003,17 November 2015
170,Sergei Ignashevich,Russia,UEFA,127.0,21 August 2002,7 July 2018
170,Ali Karimi,Iran,AFC,127.0,13 October 1998,6 November 2012
170,Lee Young-pyo,South Korea,AFC,127.0,12 June 1999,28 January 2011
170,Dennis Rommedahl,Denmark,UEFA,127.0,16 August 2000,11 June 2013
180,Dani Alves,Brazil,CONMEBOL,126.0,10 October 2006,5 December 2022
180,DaMarcus Beasley,United States,CONCACAF,126.0,27 January 2001,5 September 2017
180,Waleed Al-Hayam,Bahrain,AFC,126.0,25 December 2010,8 September 2025
180,Eden Hazard,Belgium,UEFA,126.0,16 November 2008,1 December 2022
180,Enar Jääger,Estonia,UEFA,126.0,12 October 2002,9 November 2017
180,Guram Kashia,Georgia,UEFA,126.0,1 April 2009,11 October 2025
180,Paolo Maldini,Italy,UEFA,126.0,31 March 1988,18 June 2002
180,Luis Marín[af],Costa Rica,CONCACAF,126.0,23 June 1993,18 November 2009
180,Kennedy Mweene,Zambia,CAF,126.0,22 May 2004,14 July 2021
180,Musaed Neda,Kuwait,AFC,126.0,18 December 2002,13 October 2015
180,Maya Yoshida,Japan,AFC,126.0,6 January 2010,5 December 2022
180,Andoni Zubizarreta,Spain,UEFA,126.0,23 January 1985,24 June 1998
192,Almoez Ali,Qatar,AFC,125.0,21 December 2013,14 October 2025
192,Roberto Carlos,Brazil,CONMEBOL,125.0,26 February 1992,1 July 2006
192,Mario Frick,Liechtenstein,UEFA,125.0,26 October 1993,12 October 2015
192,Ian Goodison[ag],Jamaica,CONCACAF,125.0,3 March 1996,23 May 2009
192,Sayed Mahmood Jalal,Bahrain,AFC,125.0,13 September 1998,20 January 2010
192,Maxi Pereira,Uruguay,CONMEBOL,125.0,26 October 2005,7 June 2018
192,Xherdan Shaqiri,Switzerland,UEFA,125.0,3 March 2010,6 July 2024
192,Peter Shilton,England,UEFA,125.0,25 November 1970,7 July 1990
192,David Silva,Spain,UEFA,125.0,15 November 2006,1 July 2018
192,Andriy Yarmolenko,Ukraine,UEFA,125.0,5 September 2009,23 March 2025
202,Hussain Ali Baba,Bahrain,AFC,124.0,13 December 2001,1 September 2016
202,Petr Čech,Czech Republic,UEFA,124.0,12 February 2002,21 June 2016
202,Linval Dixon[ah],Jamaica,CONCACAF,124.0,21 May 1993,2 April 2003
202,Gheorghe Hagi,Romania,UEFA,124.0,10 August 1983,24 June 2000
202,Boualem Khoukhi,Qatar,AFC,124.0,21 December 2013,14 October 2025
202,Romelu Lukaku,Belgium,UEFA,124.0,3 March 2010,9 June 2025
202,Yousef Nasser,Kuwait,AFC,124.0,31 May 2009,9 October 2025
202,Keylor Navas[j],Costa Rica,CONCACAF,124.0,11 October 2008,13 November 2025
202,Manuel Neuer,Germany,UEFA,124.0,2 June 2009,5 July 2024
202,Sebastián Soria,Qatar,AFC,124.0,15 November 2006,14 October 2025
212,Alaa Abdul-Zahra,Iraq,AFC,123.0,8 June 2007,11 November 2021
212,Thierry Henry,France,UEFA,123.0,11 October 1997,22 June 2010
212,Hassan Maatouk,Lebanon,AFC,123.0,27 January 2006,11 June 2024
212,Mohammed Al-Musalami,Oman,AFC,123.0,21 September 2010,4 January 2025
212,Carlos Salcido[m],Mexico,CONCACAF,123.0,8 September 2004,29 June 2014
212,Didier Zokora,Ivory Coast,CAF,123.0,23 April 2000,19 June 2014
218,Zlatan Ibrahimović,Sweden,UEFA,122.0,31 January 2001,24 March 2023
218,Masami Ihara,Japan,AFC,122.0,27 January 1988,5 July 1999
218,Goran Pandev,North Macedonia,UEFA,122.0,6 June 2001,21 June 2021
218,Marc Pujol,Andorra,UEFA,122.0,6 February 2000,21 March 2025
218,Hany Ramzy,Egypt,CAF,122.0,16 November 1988,12 February 2003
223,Mohamed Abd Al-Jawad,Saudi Arabia,AFC,121.0,8 March 1981,3 July 1994
223,Kamil Al-Aswad,Bahrain,AFC,121.0,30 May 2015,8 September 2025
223,Walter Ayoví[s],Ecuador,CONMEBOL,121.0,7 June 2001,28 March 2017
223,Leonardo Bonucci,Italy,UEFA,121.0,3 March 2010,15 June 2023
223,Pedro Gallese,Peru,CONMEBOL,121.0,6 August 2014,12 November 2025
223,Aide Iskandar,Singapore,AFC,121.0,21 February 1995,12 September 2007
223,Peter Schmeichel[ai],Denmark,UEFA,121.0,10 May 1988,25 April 2001
223,Bastian Schweinsteiger,Germany,UEFA,121.0,6 June 2004,31 August 2016
231,Gilbert Agius,Malta,UEFA,120.0,7 November 1993,18 November 2009
231,André Ayew,Ghana,CAF,120.0,21 August 2007,26 January 2024
231,Cuauhtémoc Blanco[m],Mexico,CONCACAF,120.0,1 February 1995,28 May 2014
231,Armando Cooper[aj],Panama,CONCACAF,120.0,7 October 2006,2 February 2022
231,Idrissa Gueye,Senegal,CAF,120.0,11 November 2011,14 October 2025
231,Tim Howard[k],United States,CONCACAF,120.0,10 March 2002,10 October 2017
231,Subait Khater,United Arab Emirates,AFC,120.0,20 August 1999,15 November 2011
231,Blas Pérez[v],Panama,CONCACAF,120.0,14 March 2001,24 June 2018
231,Mart Poom,Estonia,UEFA,120.0,3 June 1992,10 June 2009
231,Rüştü Reçber,Turkey,UEFA,120.0,12 October 1994,26 May 2012
231,James Rodríguez,Colombia,CONMEBOL,120.0,11 October 2011,14 October 2025
231,Salomón Rondón,Venezuela,CONMEBOL,120.0,3 February 2008,9 September 2025
231,Wayne Rooney,England,UEFA,120.0,12 February 2003,15 November 2018
231,Kolo Touré,Ivory Coast,CAF,120.0,2 July 2000,8 February 2015
231,Eduardo Vargas,Chile,CONMEBOL,120.0,4 November 2009,25 March 2025
231,Justo Villar,Paraguay,CONMEBOL,120.0,3 March 1999,12 June 2018
231,Yoo Sang-chul[ak],South Korea,AFC,120.0,11 September 1994,3 June 2005
248,David Carabott[al],Malta,UEFA,119.0,15 November 1987,9 February 2005
248,Pat Jennings,Northern Ireland,UEFA,119.0,15 April 1964,12 June 1986
248,Raúl Jiménez[am],Mexico,CONCACAF,119.0,30 January 2013,9 September 2025
248,Shinji Okazaki,Japan,AFC,119.0,9 October 2008,24 June 2019
248,Ramón Ramírez[an],Mexico,CONCACAF,119.0,4 December 1991,15 November 2000
248,Odai Al-Saify,Jordan,AFC,119.0,18 June 2007,28 March 2023
248,Theodoros Zagorakis[ao],Greece,UEFA,119.0,7 September 1994,22 August 2007
255,Domingues,Mozambique,CAF,118.0,13 June 2004,19 November 2024
255,Samuel Eto'o,Cameroon,CAF,118.0,9 March 1997,13 June 2014
255,Geremi,Cameroon,CAF,118.0,6 October 1996,24 June 2010
255,Heinz Hermann,Switzerland,UEFA,118.0,6 September 1978,13 November 1991
255,Laurent Jans,Luxembourg,UEFA,118.0,16 October 2012,13 October 2025
255,John O'Shea,Republic of Ireland,UEFA,118.0,15 August 2001,2 June 2018
255,Karel Poborský,Czech Republic,UEFA,118.0,23 February 1994,22 June 2006
255,Ri Myong-guk,North Korea,AFC,118.0,24 June 2007,17 January 2019
255,Kasper Schmeichel,Denmark,UEFA,118.0,6 February 2013,12 October 2025
255,Mohammad Al-Shalhoub,Saudi Arabia,AFC,118.0,21 May 2000,28 February 2018
255,Román Torres[ap],Panama,CONCACAF,118.0,17 July 2005,15 November 2019
255,Talal Yousef,Bahrain,AFC,118.0,3 June 1996,7 January 2009
267,Vincent Aboubakar,Cameroon,CAF,117.0,29 May 2010,13 November 2025
267,Husain Ali,Bahrain,AFC,117.0,3 October 1998,9 November 2013
267,Jordan Ayew,Ghana,CAF,117.0,8 September 2010,12 October 2025
267,Giorgio Chiellini,Italy,UEFA,117.0,17 November 2004,1 June 2022
267,Daniele De Rossi,Italy,UEFA,117.0,4 September 2004,10 November 2017
267,Timur Kapadze[ae],Uzbekistan,AFC,117.0,14 May 2002,22 January 2015
267,Kim Ho-kon[aq],South Korea,AFC,117.0,14 November 1971,4 March 1979
267,Sadio Mané,Senegal,CAF,117.0,25 May 2012,14 October 2025
267,Olof Mellberg,Sweden,UEFA,117.0,23 February 2000,19 June 2012
267,Shunmugham Subramani,Singapore,AFC,117.0,27 June 1996,4 February 2007
267,Hassan Sunny,Singapore,AFC,117.0,18 February 2004,11 June 2024
278,Majed Abdullah[ar],Saudi Arabia,AFC,116.0,9 December 1978,29 June 1994
278,Zainal Abidin Hassan[as],Malaysia,AFC,116.0,11 November 1980,14 October 1997
278,Martín Cáceres,Uruguay,CONMEBOL,116.0,12 September 2007,24 November 2022
278,Juan Cuadrado,Colombia,CONMEBOL,116.0,3 September 2010,7 September 2023
278,Abdallah Deeb,Jordan,AFC,116.0,7 September 2007,15 November 2016
278,Marcel Desailly,France,UEFA,116.0,22 August 1993,17 June 2004
278,Bruno Ecuele Manga,Gabon,CAF,116.0,7 October 2006,13 November 2025
278,Ahmed Ibrahim Khalaf,Iraq,AFC,116.0,11 November 2010,26 September 2022
278,Ahmed Jamil,Saudi Arabia,AFC,116.0,25 February 1986,4 May 1998
278,Kostas Katsouranis,Greece,UEFA,116.0,20 August 2003,16 June 2015
278,Yoshikatsu Kawaguchi,Japan,AFC,116.0,15 March 1997,19 November 2008
278,Nawaf Al-Khaldi,Kuwait,AFC,116.0,18 February 2000,20 November 2014
278,Saad Al-Mukhaini,Oman,AFC,116.0,8 November 2006,2 December 2019
278,Roland Nilsson,Sweden,UEFA,116.0,1 May 1986,11 October 2000
278,Andrea Pirlo,Italy,UEFA,116.0,7 September 2002,3 September 2015
278,Harib Al-Saadi,Oman,AFC,116.0,24 March 2016,14 November 2025
278,Theodore Whitmore[at],Jamaica,CONCACAF,116.0,7 November 1993,17 November 2004
294,Roberto Ayala,Argentina,CONMEBOL,115.0,16 November 1994,15 July 2007
294,David Beckham,England,UEFA,115.0,1 September 1996,14 October 2009
294,Kevin De Bruyne,Belgium,UEFA,115.0,11 August 2010,13 October 2025
294,Rashid Al-Dosari,Bahrain,AFC,115.0,13 September 1998,23 December 2008
294,Ismail Al-Hammadi[s],United Arab Emirates,AFC,115.0,23 September 2007,2 December 2019
294,Gonzalo Jara,Chile,CONMEBOL,115.0,25 April 2006,6 July 2019
294,Abdulrahim Jumaa[au],United Arab Emirates,AFC,115.0,25 November 1998,1 April 2009
294,Ali Mabkhout,United Arab Emirates,AFC,115.0,15 November 2009,6 January 2024
294,Chandran Mutveeran[av],Malaysia,AFC,115.0,14 August 1965,15 September 1974
294,Noureddine Naybet,Morocco,CAF,115.0,9 August 1990,28 January 2006
294,Miralem Pjanić,Bosnia and Herzegovina,UEFA,115.0,20 August 2008,21 March 2024
294,Gheorghe Popescu,Romania,UEFA,115.0,20 September 1988,29 March 2003
294,Andrejs Rubins[aw],Latvia,UEFA,115.0,10 November 1998,11 October 2011
308,Jozy Altidore[k],United States,CONCACAF,114.0,17 November 2007,7 July 2019
308,Xabi Alonso,Spain,UEFA,114.0,30 April 2003,23 June 2014
308,Angus Eve[ax],Trinidad and Tobago,CONCACAF,114.0,12 April 1994,12 July 2005
308,Steven Gerrard,England,UEFA,114.0,31 May 2000,24 June 2014
308,Wael Gomaa,Egypt,CAF,114.0,26 April 2001,15 October 2013
308,Makoto Hasebe,Japan,AFC,114.0,10 February 2006,2 July 2018
308,Jalal Hosseini,Iran,AFC,114.0,7 February 2007,18 May 2018
308,Toni Kroos,Germany,UEFA,114.0,3 March 2010,5 July 2024
308,Dmitri Kruglov[s],Estonia,UEFA,114.0,13 October 2004,26 March 2019
308,Bilal Mohammed,Qatar,AFC,114.0,4 September 2003,31 December 2014
308,Khaled Al-Muwallid,Saudi Arabia,AFC,114.0,17 February 1988,18 June 1998
308,Björn Nordqvist[ay],Sweden,UEFA,114.0,4 May 1963,4 October 1978
308,Didier Ovono,Gabon,CAF,114.0,29 March 2003,23 March 2019
308,Raio Piiroja,Estonia,UEFA,114.0,21 November 1998,31 March 2015
308,Stipe Pletikosa,Croatia,UEFA,114.0,10 February 1999,23 June 2014
308,Wesam Rizik,Qatar,AFC,114.0,18 October 2001,13 November 2014
308,Indra Sahdan Daud,Singapore,AFC,114.0,26 April 1997,10 September 2013
308,Kristen Viikmäe[h],Estonia,UEFA,114.0,26 January 1997,3 June 2013
308,Sergei Zenjov,Estonia,UEFA,114.0,20 August 2008,11 October 2024
327,Nashat Akram,Iraq,AFC,113.0,5 October 2001,4 June 2013
327,Birkir Bjarnason,Iceland,UEFA,113.0,29 October 2010,16 November 2022
327,Hamza Al-Dardour,Jordan,AFC,113.0,2 January 2011,25 January 2024
327,Ahmed Al-Dokhi,Saudi Arabia,AFC,113.0,2 March 1997,15 November 2006
327,Philipp Lahm,Germany,UEFA,113.0,18 February 2004,13 July 2014
327,Juris Laizāns,Latvia,UEFA,113.0,6 February 1998,15 November 2013
327,Viktor Onopko,CIS  Russia,UEFA,113.0,29 April 1992,18 August 2004
327,Răzvan Raț,Romania,UEFA,113.0,13 February 2002,15 June 2016
327,Ali Rehema,Iraq,AFC,113.0,8 June 2005,29 March 2016
327,Thiago Silva,Brazil,CONMEBOL,113.0,12 October 2008,9 December 2022
327,Martin Stocklasa,Liechtenstein,UEFA,113.0,31 August 1996,5 March 2014
338,Jarah Al Ateeqi,Kuwait,AFC,112.0,3 August 2001,19 November 2013
338,Zuhair Bakheet,United Arab Emirates,AFC,112.0,23 January 1988,16 December 2002
338,Franz Burgmeier,Liechtenstein,UEFA,112.0,5 September 2001,25 March 2018
338,Frank de Boer,Netherlands,UEFA,112.0,26 September 1990,26 June 2004
338,Diego Forlán,Uruguay,CONMEBOL,112.0,27 March 2002,28 June 2014
338,Alain Geiger,Switzerland,UEFA,112.0,19 November 1980,8 June 1996
338,Aaron Hughes,Northern Ireland,UEFA,112.0,24 March 1998,3 June 2018
338,Ki Sung-yueng,South Korea,AFC,112.0,5 September 2008,7 January 2019
338,Kim Young-gwon,South Korea,AFC,112.0,11 August 2010,5 September 2024
338,Juraj Kucka,Slovakia,UEFA,112.0,19 November 2008,8 September 2024
338,Li Weifeng,China,AFC,112.0,22 November 1998,15 November 2011
338,Yénier Márquez[az],Cuba,CONCACAF,112.0,7 May 2000,15 July 2015
338,Abdulla Al-Marzooqi,Bahrain,AFC,112.0,3 February 2001,15 January 2013
338,Hawar Mulla Mohammed,Iraq,AFC,112.0,31 August 2001,12 June 2012
338,Nani,Portugal,UEFA,112.0,1 September 2006,2 July 2017
338,Yasser Al-Qahtani,Saudi Arabia,AFC,112.0,17 December 2002,12 January 2013
338,Roque Santa Cruz,Paraguay,CONMEBOL,112.0,28 April 1999,10 November 2016
338,Abdel-Zaher El-Saqqa,Egypt,CAF,112.0,8 June 1997,20 January 2010
338,Hakan Şükür,Turkey,UEFA,112.0,25 March 1992,17 October 2007
338,Jon Dahl Tomasson,Denmark,UEFA,112.0,29 March 1997,24 June 2010
338,Yapp Hung Fai,Hong Kong,AFC,112.0,11 February 2010,9 October 2025
338,Dino Zoff,Italy,UEFA,112.0,20 April 1968,29 May 1983
360,Igor Akinfeev,Russia,UEFA,111.0,27 April 2004,7 July 2018
360,David Alaba,Austria,UEFA,111.0,14 October 2009,12 October 2025
360,Gareth Bale,Wales,UEFA,111.0,27 May 2006,29 November 2022
360,Kiran Chemjong[ba],Nepal,AFC,111.0,24 May 2008,13 November 2025
360,Rolando Fonseca[u],Costa Rica,CONCACAF,111.0,27 May 1992,26 March 2011
360,Jesús Gallardo[bb],Mexico,CONCACAF,111.0,8 October 2016,11 October 2025
360,Abdulsalam Jumaa[au],United Arab Emirates,AFC,111.0,18 March 1997,6 January 2010
360,Harry Kane,England,UEFA,111.0,27 March 2015,13 November 2025
360,Mateo Kovačić,Croatia,UEFA,111.0,22 March 2013,12 October 2025
360,José Manuel Rey[bc],Venezuela,CONMEBOL,111.0,8 June 1997,7 October 2011
360,Édison Méndez,Ecuador,CONMEBOL,111.0,8 March 2000,20 June 2014
360,Odelín Molina[bd],Cuba,CONCACAF,111.0,12 May 1996,20 July 2013
360,Claudio Reyna[be],United States,CONCACAF,111.0,15 January 1994,22 June 2006
360,Andriy Shevchenko,Ukraine,UEFA,111.0,25 March 1995,19 June 2012
360,Dušan Tadić,Serbia,UEFA,111.0,14 December 2008,25 June 2024
360,Carlos Valderrama,Colombia,CONMEBOL,111.0,27 October 1985,26 June 1998
376,François Amégasse,Gabon,CAF,110.0,13 November 1984,29 January 2000
376,Carmel Busuttil[al],Malta,UEFA,110.0,5 June 1982,25 April 2001
376,Paul Caligiuri,United States,CONCACAF,110.0,9 October 1984,16 November 1997
376,Fernando Couto,Portugal,UEFA,110.0,19 December 1990,30 June 2004
376,Ahmed El-Kass[s],Egypt,CAF,110.0,4 April 1987,6 April 1997
376,Cesc Fàbregas,Spain,UEFA,110.0,1 March 2006,27 June 2016
376,Carlos Gamarra,Paraguay,CONMEBOL,110.0,3 March 1993,7 October 2006
376,Alberto García Aspe,Mexico,CONCACAF,110.0,26 April 1988,17 June 2002
376,Max Gradel,Ivory Coast,CAF,110.0,5 June 2011,23 March 2024
376,Mahdi Karim,Iraq,AFC,110.0,12 October 2001,28 February 2018
376,Kevin Kilbane,Republic of Ireland,UEFA,110.0,6 September 1997,4 June 2011
376,Andrej Kramarić,Croatia,UEFA,110.0,4 September 2014,12 October 2025
376,Mehdi Mahdavikia,Iran,AFC,110.0,7 December 1996,17 June 2009
376,Aissa Mandi,Algeria,CAF,110.0,5 March 2014,14 October 2025
376,Imran Mohamed,Maldives,AFC,110.0,15 February 2000,11 October 2016
376,Ahmed Musa,Nigeria,CAF,110.0,5 September 2010,28 May 2025
376,Yuji Nakazawa,Japan,AFC,110.0,8 September 1999,4 September 2010
376,John Arne Riise,Norway,UEFA,110.0,31 January 2000,22 March 2013
376,Cristian Rodríguez,Uruguay,CONMEBOL,110.0,14 October 2003,6 July 2018
376,Álvaro Saborío[p],Costa Rica,CONCACAF,110.0,1 October 2002,13 October 2021
376,Totchtawan Sripan,Thailand,AFC,110.0,16 February 1993,28 March 2009
376,Fernando Torres,Spain,UEFA,110.0,6 September 2003,23 June 2014
398,Hassan Abdel-Fattah,Jordan,AFC,109.0,7 December 2002,13 October 2015
398,Niclas Alexandersson,Sweden,UEFA,109.0,10 November 1993,10 June 2008
398,Jean Beausejour,Chile,CONMEBOL,109.0,19 February 2004,17 November 2020
398,Jakub Błaszczykowski,Poland,UEFA,109.0,28 March 2006,16 June 2023
398,Balázs Dzsudzsák,Hungary,UEFA,109.0,2 June 2007,20 November 2022
398,Gao Lin,China,AFC,109.0,31 July 2005,24 January 2019
398,Chris Gunter,Wales,UEFA,109.0,26 May 2007,14 June 2022
398,Asamoah Gyan,Ghana,CAF,109.0,16 November 2003,8 July 2019
398,Wayne Hennessey,Wales,UEFA,109.0,26 May 2007,11 October 2023
398,Javier Hernández,Mexico,CONCACAF,109.0,30 September 2009,6 September 2019
398,Dries Mertens,Belgium,UEFA,109.0,9 February 2011,1 December 2022
398,Ró-Ró,Qatar,AFC,109.0,29 March 2016,14 October 2025
398,Mohamed Salah,Egypt,CAF,109.0,3 September 2011,14 November 2025
398,Mark Schwarzer,Australia,OFC / AFC[1],109.0,31 July 1993,7 September 2013
398,Nohair Al-Shammari,Kuwait,AFC,109.0,16 March 1996,14 January 2009
398,Mauricio Solís[bf],Costa Rica,CONCACAF,109.0,23 September 1993,20 June 2006
398,Wael Sulaiman,Kuwait,AFC,109.0,1 October 1986,27 December 1998
398,Rafael van der Vaart,Netherlands,UEFA,109.0,6 October 2001,19 November 2013
416,Álex Aguinaga[bg],Ecuador,CONMEBOL,108.0,5 March 1987,13 July 2004
416,Odil Ahmedov,Uzbekistan,AFC,108.0,13 October 2007,15 June 2021
416,Daley Blind,Netherlands,UEFA,108.0,6 February 2013,2 July 2024
416,Carlos Bocanegra[i],United States,CONCACAF,108.0,9 December 2001,14 November 2012
416,Tim Cahill,Australia,OFC / AFC[1],108.0,30 March 2004,20 November 2018
416,Ricardo Gardner[bh],Jamaica,CONCACAF,108.0,12 February 1997,12 December 2012
416,Thomas Helveg,Denmark,UEFA,108.0,20 April 1994,17 October 2007
416,Stern John[bi],Trinidad and Tobago,CONCACAF,108.0,15 February 1995,11 November 2011
416,Jürgen Klinsmann,West Germany  Germany,UEFA,108.0,12 December 1987,4 July 1998
416,Stephan Lichtsteiner,Switzerland,UEFA,108.0,15 November 2006,15 November 2019
416,Joseph Musonda[bj],Zambia,CAF,108.0,6 July 2002,6 June 2014
416,Rui Patrício,Portugal,UEFA,108.0,17 November 2010,21 March 2024
416,Rashad Sadygov[bk],Azerbaijan,UEFA,108.0,7 October 2001,5 October 2017
416,Maher Al-Sayed[s],Syria,AFC,108.0,17 October 1998,26 March 2013
416,Phil Younghusband,Philippines,AFC,108.0,11 November 2006,16 January 2019
416,Zheng Zhi,China,AFC,108.0,7 December 2002,14 November 2019
416,Zinedine Zidane,France,UEFA,108.0,17 August 1994,9 July 2006
433,Francisco Calvo[bl],Costa Rica,CONCACAF,107.0,2 July 2011,13 October 2025
433,Ashley Cole,England,UEFA,107.0,28 March 2001,5 March 2014
433,Thibaut Courtois,Belgium,UEFA,107.0,15 November 2011,13 October 2025
433,Jonny Evans,Northern Ireland,UEFA,107.0,6 September 2006,8 June 2024
433,Aron Gunnarsson,Iceland,UEFA,107.0,2 February 2008,6 June 2025
433,Mohamad Haidar,Lebanon,AFC,107.0,17 August 2011,14 October 2025
433,Nicolas Hasler,Liechtenstein,UEFA,107.0,11 August 2010,13 October 2025
433,Miroslav Karhan,Slovakia,UEFA,107.0,6 September 1995,7 October 2011
433,Gábor Király[bm],Hungary,UEFA,107.0,25 March 1998,15 November 2016
433,Henrik Larsson,Sweden,UEFA,107.0,13 October 1993,10 October 2009
433,Ali Madan,Bahrain,AFC,107.0,5 February 2016,9 October 2025
433,Riyad Mahrez,Algeria,CAF,107.0,31 May 2014,14 October 2025
433,Aaron Mokoena,South Africa,CAF,107.0,20 February 1999,10 October 2010
433,Bobby Moore[bn],England,UEFA,107.0,20 May 1962,14 November 1973
433,Marcelo Moreno[bo],Bolivia,CONMEBOL,107.0,12 September 2007,21 November 2023
433,Jamal Mubarak,Kuwait,AFC,107.0,13 November 1994,11 October 2006
433,Muhsin Musabah,United Arab Emirates,AFC,107.0,12 April 1985,27 August 1999
433,Haruna Niyonzima[bp],Rwanda,CAF,107.0,27 November 2006,3 September 2022
433,Francisco Rodríguez[m],Mexico,CONCACAF,107.0,18 February 2004,26 July 2015
433,Patrick Vieira,France,UEFA,107.0,26 February 1997,2 June 2009
433,Zhang Linpeng,China,AFC,107.0,30 December 2009,21 March 2024
454,Walid Abbas,United Arab Emirates,AFC,106.0,27 December 2008,13 January 2023
454,Anas Bani Yaseen,Jordan,AFC,106.0,13 August 2008,25 January 2024
454,Imants Bleidelis,Latvia,UEFA,106.0,19 May 1995,21 November 2007
454,Ali Al-Busaidi,Oman,AFC,106.0,9 October 2013,11 October 2025
454,Memphis Depay,Netherlands,UEFA,106.0,15 October 2013,12 October 2025
454,Aleksandr Dmitrijev,Estonia,UEFA,106.0,18 February 2004,27 March 2018
454,Giovani dos Santos[j],Mexico,CONCACAF,106.0,9 September 2007,23 June 2018
454,Fan Zhiyi,China,AFC,106.0,22 August 1992,4 June 2002
454,Hao Haidong,China,AFC,106.0,22 August 1992,17 November 2004
454,Emilio Izaguirre[bq],Honduras,CONCACAF,106.0,26 January 2007,11 October 2020
454,Frank Lampard,England,UEFA,106.0,10 October 1999,24 June 2014
454,Joel Lindpere[h],Estonia,UEFA,106.0,1 November 1999,1 June 2016
454,Mubarak Mustafa,Qatar,AFC,106.0,14 May 1992,16 December 2004
454,Ivan Rakitić,Croatia,UEFA,106.0,8 September 2007,13 October 2019
454,Guillermo Ramírez,Guatemala,CONCACAF,106.0,16 April 1997,25 May 2012
454,Bernardo Silva,Portugal,UEFA,106.0,31 March 2015,13 November 2025
454,Diego Simeone,Argentina,CONMEBOL,106.0,14 July 1988,7 June 2002
454,Óscar Sonejee,Andorra,UEFA,106.0,22 June 1997,12 November 2015
454,Luis Tejada[br],Panama,CONCACAF,106.0,5 August 2001,28 June 2018
454,Giovanni van Bronckhorst,Netherlands,UEFA,106.0,31 August 1996,11 July 2010
454,Eric Wynalda,United States,CONCACAF,106.0,2 February 1990,19 February 2000
475,Darwin Cerén[bs],El Salvador,CONCACAF,105.0,24 May 2012,13 November 2025
475,Bobby Charlton[bn],England,UEFA,105.0,19 April 1958,14 June 1970
475,Khamis Al-Dosari,Saudi Arabia,AFC,105.0,1 October 1994,17 December 2004
475,Didier Drogba,Ivory Coast,CAF,105.0,8 September 2002,24 June 2014
475,Héctor Herrera,Mexico,CONCACAF,105.0,16 October 2012,9 September 2023
475,Sami Hyypiä,Finland,UEFA,105.0,7 November 1992,12 October 2010
475,Branislav Ivanović,Serbia and Montenegro  Serbia,UEFA,105.0,8 June 2005,22 June 2018
475,Radhi Jaïdi,Tunisia,CAF,105.0,2 June 1996,6 June 2009
475,Jonatan Johansson,Finland,UEFA,105.0,16 March 1996,7 September 2010
475,Abdul Kadir[bt],Indonesia,AFC,105.0,11 August 1967,7 May 1979
475,Joshua Kimmich,Germany,UEFA,105.0,29 May 2016,13 October 2025
475,Jürgen Kohler,West Germany  Germany,UEFA,105.0,24 September 1986,4 July 1998
475,Lúcio,Brazil,CONMEBOL,105.0,15 November 2000,5 September 2011
475,Ignatiy Nesterov,Uzbekistan,AFC,105.0,21 August 2002,21 January 2019
475,Stiliyan Petrov,Bulgaria,UEFA,105.0,23 December 1998,11 October 2011
475,Josué Quijano[bu],Nicaragua,CONCACAF,105.0,2 July 2011,13 November 2025
475,Tomáš Rosický,Czech Republic,UEFA,105.0,23 February 2000,17 June 2016
475,Ahmed Shobair[bv],Egypt,CAF,105.0,17 December 1984,8 November 1996
475,Josip Šimunić,Croatia,UEFA,105.0,10 November 2001,19 November 2013
475,Domagoj Vida,Croatia,UEFA,105.0,23 May 2010,3 June 2024
475,Mihails Zemļinskis,Latvia,UEFA,105.0,8 April 1992,8 October 2005
475,Yuri Zhirkov,Russia,UEFA,105.0,9 February 2005,12 June 2021
497,Henri Anier,Estonia,UEFA,104.0,19 June 2011,9 September 2025
497,Fahad Al Ansari,Kuwait,AFC,104.0,20 January 2009,6 June 2022
497,Karim Ansarifard,Iran,AFC,104.0,5 July 2009,3 February 2024
497,Theerathon Bunmathan,Thailand,AFC,104.0,11 August 2010,13 November 2025
497,Gustavo Cabrera,Guatemala,CONCACAF,104.0,19 May 2000,25 April 2012
497,Héctor Chumpitaz[s],Peru,CONMEBOL,104.0,3 April 1965,6 September 1981
497,Radamel Falcao,Colombia,CONMEBOL,104.0,7 February 2007,28 March 2023
497,Mohammed Al-Jahani,Saudi Arabia,AFC,104.0,1 October 1994,11 June 2002
497,Kim Tae-young[s],South Korea,AFC,104.0,21 October 1992,19 July 2004
497,Dirk Kuyt,Netherlands,UEFA,104.0,3 September 2004,4 September 2014
497,Lee Dong-gook[au],South Korea,AFC,104.0,15 May 1998,5 September 2017
497,Per Mertesacker,Germany,UEFA,104.0,9 October 2004,13 July 2014
497,Aleksandar Mitrović,Serbia,UEFA,104.0,7 June 2013,14 October 2025
497,Sayed Mohamed Adnan,Bahrain,AFC,104.0,21 March 2004,15 November 2016
497,Youssef Msakni,Tunisia,CAF,104.0,9 January 2010,14 October 2024
497,Erasto Nyoni[bw],Tanzania,CAF,104.0,25 November 2006,14 November 2021
497,Ioannis Okkas,Cyprus,UEFA,104.0,15 February 1997,11 October 2011
497,Ivica Olić,Croatia,UEFA,104.0,13 February 2002,13 October 2015
497,Nader El-Sayed,Egypt,CAF,104.0,20 November 1992,19 June 2005
497,Martin Škrtel,Slovakia,UEFA,104.0,9 July 2004,13 October 2019
497,Thorbjørn Svenssen,Norway,UEFA,104.0,11 June 1947,16 May 1962
497,Billy Wright[bx],England,UEFA,104.0,28 September 1946,28 May 1959
519,Faouzi Aaish,Bahrain,AFC,103.0,23 December 2004,11 October 2016
519,Andrei Agius,Malta,UEFA,103.0,25 February 2006,25 March 2022
519,Charles Aranguiz,Chile,CONMEBOL,103.0,4 November 2009,25 March 2025
519,Franz Beckenbauer,West Germany,UEFA,103.0,26 September 1965,23 February 1977
519,André Carrillo,Peru,CONMEBOL,103.0,12 July 2011,10 June 2025
519,Stéphane Chapuisat,Switzerland,UEFA,103.0,21 June 1989,17 June 2004
519,Vedran Ćorluka,Croatia,UEFA,103.0,16 August 2006,11 July 2018
519,Didier Deschamps,France,UEFA,103.0,29 April 1989,2 September 2000
519,Mohamed Elneny,Egypt,CAF,103.0,3 September 2011,10 September 2024
519,Kamil Glik,Poland,UEFA,103.0,20 January 2010,4 December 2022
519,Ahmed Hadid,Oman,AFC,103.0,28 January 2003,5 January 2013
519,Andi Herzog,Austria,UEFA,103.0,6 April 1988,30 April 2003
519,Rainford Kalaba[bj],Zambia,CAF,103.0,11 June 2005,18 November 2018
519,Ahmed Khalil[s],United Arab Emirates,AFC,103.0,6 February 2008,29 November 2019
519,Adel Khamis,Qatar,AFC,103.0,15 March 1985,10 March 2000
519,Michael Laudrup[by],Denmark,UEFA,103.0,15 June 1982,3 July 1998
519,Birkir Már Sævarsson,Iceland,UEFA,103.0,2 June 2007,14 November 2021
519,Mahmoud Al-Mawas,Syria,AFC,103.0,17 November 2012,8 September 2025
519,James McClean,Republic of Ireland,UEFA,103.0,29 February 2012,21 November 2023
519,Karol Mets,Estonia,UEFA,103.0,19 November 2013,13 November 2025
519,Emad Mohammed,Iraq,AFC,103.0,31 January 2001,28 May 2012
519,Jaroslav Plašil,Czech Republic,UEFA,103.0,31 March 2004,21 June 2016
519,Dejan Stanković,Serbia and Montenegro  Serbia,UEFA,103.0,22 April 1998,11 October 2013
519,Elijah Tana,Zambia,CAF,103.0,10 June 1995,27 January 2009
519,Enner Valencia,Ecuador,CONMEBOL,103.0,12 February 2012,13 November 2025
519,Marc Vales,Andorra,UEFA,103.0,26 March 2008,14 October 2025
519,Māris Verpakovskis[bz],Latvia,UEFA,103.0,9 June 1999,29 May 2014
519,Indrek Zelinski,Estonia,UEFA,103.0,7 May 1994,21 May 2010
519,Piotr Zieliński,Poland,UEFA,103.0,4 June 2013,12 October 2025
548,Fahad Awadh,Kuwait,AFC,102.0,27 May 2005,13 October 2015
548,Warren Barrett[ca],Jamaica,CONCACAF,102.0,18 March 1990,14 February 2000
548,Fedor Černych,Lithuania,UEFA,102.0,14 November 2012,13 November 2025
548,Cho Young-jeung[cb],South Korea,AFC,102.0,19 March 1975,5 October 1986
548,Kenny Dalglish,Scotland,UEFA,102.0,10 November 1971,12 November 1986
548,Hani Al-Dhabit,Oman,AFC,102.0,25 March 1997,14 November 2014
548,Jefferson Farfán,Peru,CONMEBOL,102.0,23 February 2003,16 November 2021
548,Atiba Hutchinson[cc],Canada,CONCACAF,102.0,18 January 2003,15 June 2023
548,Hwang Sun-hong[s],South Korea,AFC,102.0,6 December 1988,20 November 2002
548,Anzur Ismailov,Uzbekistan,AFC,102.0,14 July 2007,5 September 2019
548,Martin Jørgensen,Denmark,UEFA,102.0,25 March 1998,15 November 2011
548,Charles Kaboré,Burkina Faso,CAF,102.0,7 October 2006,5 June 2021
548,Joseph Kamwendo[cd],Malawi,CAF,102.0,16 August 2003,29 April 2017
548,Christopher Katongo[s],Zambia,CAF,102.0,7 June 2003,4 June 2016
548,Bülent Korkmaz,Turkey,UEFA,102.0,17 October 1990,17 August 2005
548,Lee Jae-sung,South Korea,AFC,102.0,17 March 2015,14 November 2025
548,Ibrahim Majid,Qatar,AFC,102.0,25 June 2007,13 June 2017
548,Savo Milošević,Serbia and Montenegro  Serbia,UEFA,102.0,23 December 1994,19 November 2008
548,Mario Mutsch,Luxembourg,UEFA,102.0,8 October 2005,2 June 2019
548,Mohamed Omar,United Arab Emirates,AFC,102.0,14 August 1996,28 January 2009
548,Gerard Piqué,Spain,UEFA,102.0,11 February 2009,1 July 2018
548,Andriy Pyatov,Ukraine,UEFA,102.0,22 August 2007,11 June 2022
548,Raúl,Spain,UEFA,102.0,9 October 1996,6 September 2006
548,Abdulwahab Al-Safi,Bahrain,AFC,102.0,23 March 2009,22 January 2019
548,Islam Slimani,Algeria,CAF,102.0,26 May 2012,23 January 2024
548,Steve Staunton,Republic of Ireland,UEFA,102.0,19 October 1988,16 June 2002
548,Mehdi Taremi,Iran,AFC,102.0,11 June 2015,13 November 2025
548,Datsakorn Thonglao,Thailand,AFC,102.0,14 February 2003,8 October 2017
548,Michael Umaña[ce],Costa Rica,CONCACAF,102.0,4 June 2004,10 October 2017
548,Robin van Persie,Netherlands,UEFA,102.0,4 June 2005,31 August 2017
548,Mario Yepes,Colombia,CONMEBOL,102.0,9 February 1999,4 July 2014
548,Michał Żewłakow,Poland,UEFA,102.0,19 June 1999,29 March 2011
580,Sergio Agüero,Argentina,CONMEBOL,101.0,3 September 2006,3 July 2021
580,Ismail Al-Ajmi,Oman,AFC,101.0,28 January 2003,19 November 2013
580,Leonel Álvarez,Colombia,CONMEBOL,101.0,14 February 1985,7 September 1997
580,Felipe Baloy[br],Panama,CONCACAF,101.0,23 May 2001,24 June 2018
580,Emre Belözoğlu,Turkey,UEFA,101.0,23 February 2000,11 October 2019
580,Yossi Benayoun,Israel,UEFA,101.0,18 November 1998,9 October 2017
580,Vasiliy Berezutskiy,Russia,UEFA,101.0,7 June 2003,9 October 2016
580,Oleg Blokhin[cf],Soviet Union,UEFA,101.0,16 July 1972,21 September 1988
580,László Bölöni[cg],Romania,UEFA,101.0,24 September 1975,1 June 1988
580,Joe Brincat,Malta,UEFA,101.0,14 October 1987,14 February 2004
580,Hakan Çalhanoğlu,Turkey,UEFA,101.0,6 September 2013,14 October 2025
580,Boštjan Cesar,Slovenia,UEFA,101.0,12 February 2003,27 March 2018
580,Phillip Cocu,Netherlands,UEFA,101.0,24 April 1996,25 June 2006
580,Daniel da Mota,Luxembourg,UEFA,101.0,2 June 2007,6 June 2021
580,Salem Al-Dawsari,Saudi Arabia,AFC,101.0,29 February 2012,14 October 2025
580,Ulises de la Cruz,Ecuador,CONMEBOL,101.0,28 May 1995,16 May 2010
580,Vincent Enyeama,Nigeria,CAF,101.0,4 May 2002,13 June 2015
580,Fahad Al-Hajeri,Kuwait,AFC,101.0,16 October 2012,9 October 2025
580,Thomas Häßler,West Germany  Germany,UEFA,101.0,31 August 1988,20 June 2000
580,Lukas Hradecky,Finland,UEFA,101.0,21 May 2010,10 June 2025
580,Mahboub Juma'a,Kuwait,AFC,101.0,28 March 1976,9 March 1990
580,Jaba Kankava,Georgia,UEFA,101.0,4 September 2004,21 March 2024
580,Seydou Keita[ch],Mali,CAF,101.0,4 October 1998,28 January 2015
580,Kasey Keller[be],United States,CONCACAF,101.0,4 February 1990,2 July 2007
580,Levan Kobiashvili,Georgia,UEFA,101.0,1 September 1996,11 October 2011
580,Alyaksandr Kulchy[ci],Belarus,UEFA,101.0,14 February 1996,11 September 2012
580,Marquinhos,Brazil,CONMEBOL,101.0,16 November 2013,9 September 2025
580,Saulius Mikoliūnas,Lithuania,UEFA,101.0,5 June 2004,16 November 2022
580,Park Sung-hwa[ab],South Korea,AFC,101.0,29 July 1975,10 December 1984
580,Ronald Raldes[bo],Bolivia,CONMEBOL,101.0,3 June 2001,9 June 2018
580,Cristian Riveros,Paraguay,CONMEBOL,101.0,4 May 2005,27 March 2018
580,Mathew Ryan,Australia,AFC,101.0,5 December 2012,14 October 2025
580,Hassouneh Al-Sheikh,Jordan,AFC,101.0,19 April 1997,28 September 2010
580,Thomas Sørensen,Denmark,UEFA,101.0,17 November 1999,26 May 2012
580,Cláudio Taffarel,Brazil,CONMEBOL,101.0,7 July 1988,12 July 1998
580,Andranik Teymourian,Iran,AFC,101.0,24 August 2005,11 October 2016
580,Vasilis Torosidis,Greece,UEFA,101.0,24 March 2007,5 September 2019
580,Gabriel Torres[cj],Panama,CONCACAF,101.0,8 October 2005,12 June 2022
580,Yaya Touré,Ivory Coast,CAF,101.0,28 April 2004,29 March 2015
580,Joseph Yobo,Nigeria,CAF,101.0,24 March 2001,30 June 2014
620,Hosny Abd Rabo[ck],Egypt,CAF,100.0,31 March 2004,10 September 2014
620,Mohamed Aboutrika,Egypt,CAF,100.0,19 March 2001,19 November 2013
620,Roberto Acuña,Paraguay,CONMEBOL,100.0,3 March 1993,11 June 2011
620,Angelos Basinas,Greece,UEFA,100.0,18 August 1999,1 April 2009
620,Henning Berg,Norway,UEFA,100.0,13 May 1992,27 May 2004
620,Roderick Briffa,Malta,UEFA,100.0,11 December 2003,17 November 2018
620,Denis Caniza,Paraguay,CONMEBOL,100.0,10 November 1996,7 September 2010
620,Luis Capurro,Ecuador,CONMEBOL,100.0,6 February 1985,9 February 2003
620,Christian Cueva,Peru,CONMEBOL,100.0,1 June 2011,29 June 2024
620,Ben Davies,Wales,UEFA,100.0,12 October 2012,13 October 2025
620,Aleksandar Dragović,Austria,UEFA,100.0,6 June 2009,29 March 2022
620,Damien Duff,Republic of Ireland,UEFA,100.0,15 March 1998,18 June 2012
620,Alexandru Epureanu,Moldova,UEFA,100.0,6 September 2006,31 March 2021
620,Jóhann Berg Guðmundsson,Iceland,UEFA,100.0,20 August 2008,13 November 2025
620,Bojan Jokić,Slovenia,UEFA,100.0,28 February 2006,16 November 2019
620,Ulf Kirsten,East Germany  Germany,UEFA,100.0,8 May 1985,20 June 2000
620,Rúnar Kristinsson[cl],Iceland,UEFA,100.0,28 October 1987,18 August 2004
620,Grzegorz Krychowiak,Poland,UEFA,100.0,14 December 2008,10 September 2023
620,Lars Krogh Gerson,Luxembourg,UEFA,100.0,26 March 2008,10 June 2025
620,Tony Meola,United States,CONCACAF,100.0,10 June 1988,11 April 2006
620,Joe-Max Moore,United States,CONCACAF,100.0,3 September 1992,14 June 2002
620,Peter Mponda[cm],Malawi,CAF,100.0,3 January 1998,8 October 2011
620,Nazri Nasir,Singapore,AFC,100.0,13 September 1990,12 July 2004
620,Park Ji-sung,South Korea,AFC,100.0,5 April 2000,25 January 2011
620,Carlos Pavón[m],Honduras,CONCACAF,100.0,17 July 1993,16 June 2010
620,Carles Puyol,Spain,UEFA,100.0,15 November 2000,6 February 2013
620,Robinho,Brazil,CONMEBOL,100.0,13 July 2003,26 January 2017
620,Ruslan Rotan,Ukraine,UEFA,100.0,12 February 2003,27 March 2018
620,Goce Sedloski,North Macedonia,UEFA,100.0,27 March 1996,29 May 2010
620,Dario Šimić,Croatia,UEFA,100.0,13 March 1996,20 August 2008
620,Santokh Singh[cn],Malaysia,AFC,100.0,19 May 1973,8 April 1984
620,Jorge Soto[co],Peru,CONMEBOL,100.0,25 November 1992,12 October 2005
620,Igors Stepanovs,Latvia,UEFA,100.0,26 April 1995,10 August 2011
620,Earnie Stewart[be],United States,CONCACAF,100.0,19 December 1990,18 August 2004
620,Taijo Teniste,Estonia,UEFA,100.0,9 November 2007,9 September 2025
620,Siaka Tiéné,Ivory Coast,CAF,100.0,9 April 2000,14 June 2015
620,Arda Turan,Turkey,UEFA,100.0,16 August 2006,6 October 2017
620,100,,,,,
620,100,,,,,
